query,significant,p_value,term_size,query_size,intersection_size,precision,recall,term_id,source,term_name,effective_domain_size,source_order,parents
query_1,TRUE,1.1077926557050892e-6,422,22,8,0.36363636363636365,0.018957345971563982,GO:0003012,GO:BP,muscle system process,27543,1588,
query_1,TRUE,6.497212764411492e-6,5,22,3,0.13636363636363635,0.6,GO:0014724,GO:BP,regulation of twitch skeletal muscle contraction,27543,5209,
query_1,TRUE,2.2716718152704863e-5,7,22,3,0.13636363636363635,0.42857142857142855,GO:0014721,GO:BP,twitch skeletal muscle contraction,27543,5206,
query_1,TRUE,2.2716718152704863e-5,7,22,3,0.13636363636363635,0.42857142857142855,GO:0003010,GO:BP,voluntary skeletal muscle contraction,27543,1586,
query_1,TRUE,4.7622406311367214e-5,247,22,6,0.2727272727272727,0.024291497975708502,GO:0090257,GO:BP,regulation of muscle system process,27543,21269,
query_1,TRUE,1.8260954771270554e-4,310,22,6,0.2727272727272727,0.01935483870967742,GO:0006936,GO:BP,muscle contraction,27543,2874,
query_1,TRUE,3.183521576909356e-4,172,22,5,0.22727272727272727,0.029069767441860465,GO:0006941,GO:BP,striated muscle contraction,27543,2878,
query_1,TRUE,3.617784453657506e-4,16,22,3,0.13636363636363635,0.1875,GO:0014819,GO:BP,regulation of skeletal muscle contraction,27543,5247,
query_1,TRUE,0.0010960937300928345,90,22,4,0.18181818181818182,0.044444444444444446,GO:0006942,GO:BP,regulation of striated muscle contraction,27543,2879,
query_1,TRUE,0.001302168348729798,24,22,3,0.13636363636363635,0.125,GO:0043501,GO:BP,skeletal muscle adaptation,27543,12370,
query_1,TRUE,0.0026855750718942015,3,22,2,0.09090909090909091,0.6666666666666666,GO:0031448,GO:BP,positive regulation of fast-twitch skeletal muscle fiber contraction,27543,8319,
query_1,TRUE,0.0026855750718942015,3,22,2,0.09090909090909091,0.6666666666666666,GO:0031446,GO:BP,regulation of fast-twitch skeletal muscle fiber contraction,27543,8317,
query_1,TRUE,0.0026855750718942015,3,22,2,0.09090909090909091,0.6666666666666666,GO:0014728,GO:BP,regulation of the force of skeletal muscle contraction,27543,5213,
query_1,TRUE,0.0026855750718942015,3,22,2,0.09090909090909091,0.6666666666666666,GO:0014862,GO:BP,regulation of skeletal muscle contraction by chemo-mechanical energy conversion,27543,5288,
query_1,TRUE,0.002983754842633923,803,22,7,0.3181818181818182,0.008717310087173101,GO:0030029,GO:BP,actin filament-based process,27543,7675,
query_1,TRUE,0.004081811010499985,125,22,4,0.18181818181818182,0.032,GO:0043500,GO:BP,muscle adaptation,27543,12369,
query_1,TRUE,0.004186914692935229,35,22,3,0.13636363636363635,0.08571428571428572,GO:0090075,GO:BP,relaxation of muscle,27543,21099,
query_1,TRUE,0.004919333877205104,131,22,4,0.18181818181818182,0.030534351145038167,GO:0060048,GO:BP,cardiac muscle contraction,27543,16865,
query_1,TRUE,0.005368549913254821,4,22,2,0.09090909090909091,0.5,GO:0031443,GO:BP,fast-twitch skeletal muscle fiber contraction,27543,8314,
query_1,TRUE,0.009655710199748268,46,22,3,0.13636363636363635,0.06521739130434782,GO:0003009,GO:BP,skeletal muscle contraction,27543,1585,
query_1,TRUE,0.010925059863563675,627,22,6,0.2727272727272727,0.009569377990430622,GO:0044057,GO:BP,regulation of system process,27543,12600,
query_1,TRUE,0.011144732890505538,161,22,4,0.18181818181818182,0.024844720496894408,GO:0006937,GO:BP,regulation of muscle contraction,27543,2875,
query_1,TRUE,0.013212161444796667,51,22,3,0.13636363636363635,0.058823529411764705,GO:0014888,GO:BP,striated muscle adaptation,27543,5313,
query_1,TRUE,0.013408383719418967,6,22,2,0.09090909090909091,0.3333333333333333,GO:0030240,GO:BP,skeletal muscle thin filament assembly,27543,7768,
query_1,TRUE,0.021609588090724722,60,22,3,0.13636363636363635,0.05,GO:0050879,GO:BP,multicellular organismal movement,27543,15395,
query_1,TRUE,0.021609588090724722,60,22,3,0.13636363636363635,0.05,GO:0050881,GO:BP,musculoskeletal movement,27543,15396,
query_1,TRUE,0.025004758045704865,8,22,2,0.09090909090909091,0.25,GO:0014883,GO:BP,transition between fast and slow fiber,27543,5308,
query_1,TRUE,0.025004758045704865,8,22,2,0.09090909090909091,0.25,GO:0014866,GO:BP,skeletal myofibril assembly,27543,5292,
query_1,TRUE,0.03213341356763563,9,22,2,0.09090909090909091,0.2222222222222222,GO:0014894,GO:BP,response to denervation involved in regulation of muscle adaptation,27543,5318,
query_1,TRUE,0.03213341356763563,9,22,2,0.09090909090909091,0.2222222222222222,GO:0014877,GO:BP,response to muscle inactivity involved in regulation of muscle adaptation,27543,5302,
query_1,TRUE,0.04014732569570295,10,22,2,0.09090909090909091,0.2,GO:0014870,GO:BP,response to muscle inactivity,27543,5295,
query_1,TRUE,0.04924497245415019,235,22,4,0.18181818181818182,0.01702127659574468,GO:0060047,GO:BP,heart contraction,27543,16864,
query_1,TRUE,8.026004935238816e-8,237,22,7,0.3181818181818182,0.029535864978902954,GO:0030016,GO:CC,myofibril,27317,1021,
query_1,TRUE,1.0705974896265634e-7,247,22,7,0.3181818181818182,0.02834008097165992,GO:0043292,GO:CC,contractile fiber,27317,2146,
query_1,TRUE,2.311776765947736e-6,215,22,6,0.2727272727272727,0.027906976744186046,GO:0030017,GO:CC,sarcomere,27317,1022,
query_1,TRUE,1.954455805113175e-5,153,22,5,0.22727272727272727,0.032679738562091505,GO:0031674,GO:CC,I band,27317,1410,
query_1,TRUE,1.0389585463756526e-4,1007,22,8,0.36363636363636365,0.007944389275074478,GO:0099512,GO:CC,supramolecular fiber,27317,3777,
query_1,TRUE,1.0733705156012438e-4,22,22,3,0.13636363636363635,0.13636363636363635,GO:0005865,GO:CC,striated muscle thin filament,27317,497,
query_1,TRUE,1.1029580921201734e-4,1015,22,8,0.36363636363636365,0.007881773399014778,GO:0099081,GO:CC,supramolecular polymer,27317,3747,
query_1,TRUE,1.8084056366795762e-4,26,22,3,0.13636363636363635,0.11538461538461539,GO:0036379,GO:CC,myofilament,27317,1937,
query_1,TRUE,3.258068249253382e-4,499,22,6,0.2727272727272727,0.012024048096192385,GO:0015629,GO:CC,actin cytoskeleton,27317,836,
query_1,TRUE,6.98664593470381e-4,140,22,4,0.18181818181818182,0.02857142857142857,GO:0030018,GO:CC,Z disc,27317,1023,
query_1,TRUE,8.842322305339784e-4,1341,22,8,0.36363636363636365,0.005965697240865026,GO:0099080,GO:CC,supramolecular complex,27317,3746,
query_1,TRUE,9.59997027095252e-4,5,22,2,0.09090909090909091,0.4,GO:0005859,GO:CC,muscle myosin complex,27317,493,
query_1,TRUE,0.0020025005705361348,57,22,3,0.13636363636363635,0.05263157894736842,GO:0016459,GO:CC,myosin complex,27317,870,
query_1,TRUE,0.012979709885692466,17,22,2,0.09090909090909091,0.11764705882352941,GO:0016460,GO:CC,myosin II complex,27317,871,
query_1,TRUE,0.01810689096119493,20,22,2,0.09090909090909091,0.1,GO:0032982,GO:CC,myosin filament,27317,1566,
query_1,TRUE,0.006900435529589483,215,21,4,0.19047619047619047,0.018604651162790697,GO:0051015,GO:MF,actin filament binding,25412,9080,
query_1,TRUE,0.007027901467186092,449,21,5,0.23809523809523808,0.011135857461024499,GO:0003779,GO:MF,actin binding,25412,470,
query_1,TRUE,0.031440077643023326,1003,21,6,0.2857142857142857,0.005982053838484547,GO:0008092,GO:MF,cytoskeletal protein binding,25412,1959,
query_1,TRUE,3.662997197010966e-5,47,5,4,0.8,0.0851063829787234,HP:0003551,HP,Difficulty climbing stairs,4671,2560,
query_1,TRUE,0.00021886478256460595,15,5,3,0.6,0.2,HP:0003555,HP,Muscle fiber splitting,4671,2563,
query_1,TRUE,2.6215897878500803e-4,76,5,4,0.8,0.05263157894736842,HP:0003691,HP,Scapular winging,4671,2631,
query_1,TRUE,2.6928532493053443e-4,16,5,3,0.6,0.1875,HP:0002877,HP,Nocturnal hypoventilation,4671,2092,
query_1,TRUE,3.229506037267502e-4,80,5,4,0.8,0.05,HP:0003560,HP,Muscular dystrophy,4671,2567,
query_1,TRUE,4.3316728311190136e-4,86,5,4,0.8,0.046511627906976744,HP:0003325,HP,Limb-girdle muscle weakness,4671,2412,
query_1,TRUE,0.0010889783895442942,108,5,4,0.8,0.037037037037037035,HP:0002515,HP,Waddling gait,4671,1829,
query_1,TRUE,0.001246231037384613,26,5,3,0.6,0.11538461538461539,HP:0002792,HP,Reduced vital capacity,4671,2031,
query_1,TRUE,0.0014529440583589263,116,5,4,0.8,0.034482758620689655,HP:0003458,HP,EMG: myopathic abnormalities,4671,2505,
query_1,TRUE,0.0015692385439880134,28,5,3,0.6,0.10714285714285714,HP:0003327,HP,Axial muscle weakness,4671,2414,
query_1,TRUE,0.001610478093423847,119,5,4,0.8,0.03361344537815126,HP:0001435,HP,Abnormality of the shoulder girdle musculature,4671,1076,
query_1,TRUE,0.0017497399769567197,29,5,3,0.6,0.10344827586206896,HP:0009058,HP,Increased muscle lipid content,4671,5656,
query_1,TRUE,0.002253609157916613,3,5,2,0.4,0.6666666666666666,HP:0005991,HP,Limited neck flexion,4671,3995,
query_1,TRUE,0.002609268148604129,33,5,3,0.6,0.09090909090909091,HP:0003797,HP,Limb-girdle muscle atrophy,4671,2694,
query_1,TRUE,0.0028392976887981407,137,5,4,0.8,0.029197080291970802,HP:0000782,HP,Abnormal scapula morphology,4671,612,
query_1,TRUE,0.0028608542210834366,34,5,3,0.6,0.08823529411764706,HP:0003687,HP,Centrally nucleated skeletal muscle fibers,4671,2627,
query_1,TRUE,0.0031280491286341965,35,5,3,0.6,0.08571428571428572,HP:0003722,HP,Neck flexor weakness,4671,2649,
query_1,TRUE,0.003711114997314426,37,5,3,0.6,0.08108108108108109,HP:0003805,HP,Rimmed vacuoles,4671,2699,
query_1,TRUE,0.004362158734037209,39,5,3,0.6,0.07692307692307693,HP:0009046,HP,Difficulty running,4671,5648,
query_1,TRUE,0.0047143236840365,40,5,3,0.6,0.075,HP:0003749,HP,Pelvic girdle muscle weakness,4671,2665,
query_1,TRUE,0.005474237163867658,42,5,3,0.6,0.07142857142857142,HP:0001771,HP,Achilles tendon contracture,4671,1292,
query_1,TRUE,0.005882902828791939,43,5,3,0.6,0.06976744186046512,HP:0002791,HP,Hypoventilation,4671,2030,
query_1,TRUE,0.005882902828791939,43,5,3,0.6,0.06976744186046512,HP:0003803,HP,Type 1 muscle fiber predominance,4671,2698,
query_1,TRUE,0.007719629765645594,47,5,3,0.6,0.06382978723404255,HP:0008180,HP,Mildly elevated creatine kinase,4671,5199,
query_1,TRUE,0.007719629765645594,47,5,3,0.6,0.06382978723404255,HP:0003547,HP,Shoulder girdle muscle weakness,4671,2556,
query_1,TRUE,0.0077753617444542384,464,5,5,1,0.010775862068965518,HP:0004302,HP,Functional motor deficit,4671,3015,
query_1,TRUE,0.008765615469071168,49,5,3,0.6,0.061224489795918366,HP:0033684,HP,Abnormal muscle fiber-type distribution,4671,13700,
query_1,TRUE,0.00932210553431046,50,5,3,0.6,0.06,HP:0001707,HP,Abnormal right ventricle morphology,4671,1251,
query_1,TRUE,0.009676480348270997,186,5,4,0.8,0.021505376344086023,HP:0003307,HP,Hyperlordosis,4671,2399,
query_1,TRUE,0.00990153179741642,51,5,3,0.6,0.058823529411764705,HP:0005109,HP,Abnormality of the Achilles tendon,4671,3480,
query_1,TRUE,0.00990153179741642,51,5,3,0.6,0.058823529411764705,HP:0003306,HP,Spinal rigidity,4671,2398,
query_1,TRUE,0.011253568645881562,6,5,2,0.4,0.3333333333333333,HP:0008963,HP,Tibialis muscle weakness,4671,5610,
query_1,TRUE,0.012933057032643155,200,5,4,0.8,0.02,HP:0003701,HP,Proximal muscle weakness,4671,2638,
query_1,TRUE,0.014637686312656833,58,5,3,0.6,0.05172413793103448,HP:0003391,HP,Gowers sign,4671,2459,
query_1,TRUE,0.01574824444679688,7,5,2,0.4,0.2857142857142857,HP:0003755,HP,Type 1 fibers relatively smaller than type 2 fibers,4671,2668,
query_1,TRUE,0.016015845893704417,211,5,4,0.8,0.018957345971563982,HP:0001446,HP,Abnormality of the musculature of the upper limbs,4671,1086,
query_1,TRUE,0.017056596713257818,61,5,3,0.6,0.04918032786885246,HP:0003323,HP,Progressive muscle weakness,4671,2410,
query_1,TRUE,0.01791807119591509,62,5,3,0.6,0.04838709677419355,HP:0001430,HP,Abnormality of the calf musculature,4671,1074,
query_1,TRUE,0.01791807119591509,62,5,3,0.6,0.04838709677419355,HP:0003557,HP,Increased variability in muscle fiber diameter,4671,2564,
query_1,TRUE,0.019726454266626583,64,5,3,0.6,0.046875,HP:0100295,HP,Muscle fiber atrophy,4671,15072,
query_1,TRUE,0.02067425326542701,65,5,3,0.6,0.046153846153846156,HP:0008800,HP,Limited hip movement,4671,5551,
query_1,TRUE,0.022659287685036212,67,5,3,0.6,0.04477611940298507,HP:0012084,HP,Abnormality of skeletal muscle fiber size,4671,8505,
query_1,TRUE,0.02699950455179411,71,5,3,0.6,0.04225352112676056,HP:0003700,HP,Generalized amyotrophy,4671,2637,
query_1,TRUE,0.028583305543860328,244,5,4,0.8,0.01639344262295082,HP:0003457,HP,EMG abnormality,4671,2504,
query_1,TRUE,0.03198931101427052,251,5,4,0.8,0.01593625498007968,HP:0003828,HP,Variable expressivity,4671,2707,
query_1,TRUE,0.04017365180429276,81,5,3,0.6,0.037037037037037035,HP:0000467,HP,Neck muscle weakness,4671,354,
query_1,TRUE,0.041174727319265025,11,5,2,0.4,0.18181818181818182,HP:0003715,HP,Myofibrillar myopathy,4671,2644,
query_1,TRUE,0.04482153209817476,84,5,3,0.6,0.03571428571428571,HP:0002747,HP,Respiratory insufficiency due to muscle weakness,4671,2003,
query_1,TRUE,0.04644623113437662,85,5,3,0.6,0.03529411764705882,HP:0008366,HP,Contractures involving the joints of the feet,4671,5307,
query_1,TRUE,0.04801782616076949,278,5,4,0.8,0.014388489208633094,HP:0003236,HP,Elevated circulating creatine kinase concentration,4671,2348,
query_1,TRUE,0.049388487390090476,12,5,2,0.4,0.16666666666666666,HP:0006467,HP,Limited shoulder movement,4671,4240,
query_1,TRUE,5.5273305858274516e-5,87,9,4,0.4444444444444444,0.04597701149425287,KEGG:05410,KEGG,Hypertrophic cardiomyopathy,8583,471,
query_1,TRUE,6.336104990435476e-5,90,9,4,0.4444444444444444,0.044444444444444446,KEGG:05414,KEGG,Dilated cardiomyopathy,8583,473,
query_1,TRUE,0.002305354574404093,74,9,3,0.3333333333333333,0.04054054054054054,KEGG:05412,KEGG,Arrhythmogenic right ventricular cardiomyopathy,8583,472,
query_1,TRUE,4.2302200431603385e-5,158,9,5,0.5555555555555556,0.03164556962025317,REAC:R-MMU-397014,REAC,Muscle contraction,8710,864,
query_1,TRUE,7.912783657342213e-4,33,9,3,0.3333333333333333,0.09090909090909091,REAC:R-MMU-390522,REAC,Striated Muscle Contraction,8710,1434,
query_1,TRUE,1.9514430382529208e-7,40,20,5,0.25,0.125,TF:M00285_1,TF,Factor: TCF11; motif: GTCATNNWNNNNN; match class: 1,21833,3523,
query_1,TRUE,2.508143897191103e-4,2017,20,11,0.55,0.005453644025780862,TF:M01070_1,TF,Factor: c-Maf; motif: NWNNNTGCTGACKNNNNNN; match class: 1,21833,487,
query_1,TRUE,0.004964055723999389,536,20,6,0.3,0.011194029850746268,TF:M04199_1,TF,Factor: Atf4; motif: AGGATGATGCAATM; match class: 1,21833,217,
query_1,TRUE,0.015405155390520809,179,20,4,0.2,0.0223463687150838,TF:M00935,TF,Factor: NFAT; motif: NWGGAAANWN,21833,2308,
query_1,TRUE,0.02448561599424523,417,20,5,0.25,0.011990407673860911,TF:M01869_1,TF,Factor: C/EBPgamma; motif: NRTKRSRMAAKN; match class: 1,21833,437,
query_1,TRUE,0.033923884979873864,219,20,4,0.2,0.0182648401826484,TF:M00972_1,TF,Factor: IRF; motif: RAAANTGAAAN; match class: 1,21833,1783,
query_1,TRUE,0.042199898489566255,12,20,2,0.1,0.16666666666666666,TF:M00935_1,TF,Factor: NFAT; motif: NWGGAAANWN; match class: 1,21833,2309,
query_1,TRUE,0.04432510197007885,2163,20,9,0.45,0.004160887656033287,TF:M07338,TF,Factor: Sox-10; motif: ACAAWGNN,21833,3102,
query_1,TRUE,0.04978231239880054,484,20,5,0.25,0.010330578512396695,TF:M00109_1,TF,Factor: C/EBPbeta; motif: RNRTKDNGMAAKNN; match class: 1,21833,409,
